Workbook
Name Slicer_SEX: #REF!
Name Slicer_AGE: #REF!
Name Slicer_BMI: #REF!
Name Slicer_SMOKER: #REF!
Name _xlchart.v1.0: DATA!$A$4:$A$1341
Name Slicer_CHILDREN: #REF!
Name Slicer_CHARGES: #REF!

Sheet DATA
A1: AGEAS INSURANCE
A3: AGE | B3: SEX | C3: BMI | D3: CHILDREN | E3: SMOKER | F3: REGION | G3: CHARGES
A4: 19 | B4: female | C4: 27.9 | D4: 0 | E4: yes | F4: southwest | G4: 16884.924
A5: 18 | B5: male | C5: 33.77 | D5: 1 | E5: no | F5: southeast | G5: 1725.5523
A6: 28 | B6: male | C6: 33 | D6: 3 | E6: no | F6: southeast | G6: 4449.462
A7: 33 | B7: male | C7: 22.705 | D7: 0 | E7: no | F7: northwest | G7: 21984.471
A8: 32 | B8: male | C8: 28.88 | D8: 0 | E8: no | F8: northwest | G8: 3866.8552
A9: 31 | B9: female | C9: 25.74 | D9: 0 | E9: no | F9: southeast | G9: 3756.6216
A10: 46 | B10: female | C10: 33.44 | D10: 1 | E10: no | F10: southeast | G10: 8240.5896
A11: 37 | B11: female | C11: 27.74 | D11: 3 | E11: no | F11: northwest | G11: 7281.5056
A12: 37 | B12: male | C12: 29.83 | D12: 2 | E12: no | F12: northeast | G12: 6406.4107
A13: 60 | B13: female | C13: 25.84 | D13: 0 | E13: no | F13: northwest | G13: 28923.137
A14: 25 | B14: male | C14: 26.22 | D14: 0 | E14: no | F14: northeast | G14: 2721.3208
A15: 62 | B15: female | C15: 26.29 | D15: 0 | E15: yes | F15: southeast | G15: 27808.725
... A1341: 61 | B1341: female | C1341: 29.07 | D1341: 0 | E1341: yes | F1341: northwest | G1341: 29141.36

Sheet AGE
A1: AGE | B1: RESULTS
A2: MAX | B2: =MAX(DATA!$A$4:$A$1341) -> 64
A3: MIN | B3: =MIN(DATA!$A$4:$A$1341) -> 18
A4: AVERGAE | B4: =AVERAGE(DATA!$A$4:$A$1341) -> 39.207025
A5: COUNT | B5: =COUNT(DATA!$A$4:$A$1341) -> 1338
A6: MODE | B6: =MODE(DATA!$A$4:$A$1341) -> 18 | C6: 18 AGE IS MAX TIME REPEATED MEANS AT THIS AGE PEOPLE TAKE INSURANCE MOSTLY
A9: ABOVE 40 AGE PEOPLE PAY HIGH CHARGES

Sheet GENDER
A1: SEX | B1: RESULTS
A2: NO. OF FEMALE | B2: =COUNTIF(DATA!$B$4:$B$1341,"FEMALE") -> 662 | D2: MOSTLY MALES TAKE INSURANCE ACCORDING TO FEMALE
A3: NO. OF MALE | B3: =COUNTIF(DATA!$B$4:$B$1341,"MALE") -> 676

Sheet BMI
A1: BMI | B1: HIGHLIGHT | C1: RESULT
A2: <18.5 | B2: BLUE | C2: UNDERWEIGHT
A3: >18.5 & <24.99 | B3: GREEN | C3: NORMAL WEIGHT
A4: >25 & <29.99 | B4: YELLOW | C4: OVERWEIGHT
A5: >30 | B5: RED | C5: OBESITY | E5: ABOVE 25 BMI, PAY HIGH CHARGES
A8: MIN | B8: =MIN(DATA!$C$4:$C$1341) -> 15.96
A9: MAX | B9: =MAX(DATA!$C$4:$C$1341) -> 53.13
A10: AVERAGE | B10: =AVERAGE(DATA!$C$4:$C$1341) -> 30.663397
A13: HOW MANY PEOPLE WHO ARE UNDERWEIGHTED ? | B13: =COUNTIF(DATA!C4:C1341,"<=18.5") -> 21
A14: HOW MANY PEOPLE WHO ARE NORMAL WEIGHTED ? | B14: =COUNTIFS(DATA!C4:C1341,">18.5", DATA!C4:C1341, "<25") -> 224 | C14: HEATHLY
A15: HOW MANY PEOPLE WHO ARE OVERWEIGHTED ? | B15: =COUNTIFS(DATA!C4:C1341,">=25", DATA!C4:C1341, "<30") -> 386
A16: HOW MANY PEOPLE WHO ARE OBESITY ? | B16: =COUNTIF(DATA!C4:C1341,">=30") -> 707
A19: AVERGAE AGE OF HEALTHY PERSON | B19: =AVERAGEIFS(DATA!A4:A1341, DATA!C4:C1341, ">18.5", DATA!C4:C1341, "<25") -> 36.75

Sheet CHILDREN
A1: CHILDREN | B1: RESULT
A2: MAX NO. OF CHILDREN | B2: =MAX(DATA!D4:D1341) -> 5
A3: MIN NO. OF CHILDREN | B3: =MIN(DATA!D4:D1341) -> 0
A5: PEOPLE WHO HAVE NO CHILD | B5: =COUNTIF(DATA!$D$4:$D$1341,"=0") -> 574
A6: PEOPLE WHO HAVE ONLY 1 CHILD | B6: =COUNTIF(DATA!$D$4:$D$1341,"=1") -> 324
A7: PEOPLE WHO HAVE 2 CHILDREN | B7: =COUNTIF(DATA!$D$4:$D$1341,"=2") -> 240
A8: PEOPLE WHO HAVE 3 CHILDREN | B8: =COUNTIF(DATA!$D$4:$D$1341,"=3") -> 157
A9: PEOPLE WHO HAVE 4 CHILDREN | B9: =COUNTIF(DATA!$D$4:$D$1341,"=4") -> 25
A10: PEOPLE WHO HAVE 5 CHILDREN | B10: =COUNTIF(DATA!$D$4:$D$1341,"=5") -> 18

Sheet SMOKER
A1: SMOKER | B1: RESULTS
A2: NO. OF SMOKER | B2: =COUNTIF(DATA!$E$4:$E$1341,"YES") -> 274 | D2: MOSTLY NON - SMOKER TAKE INSURANCE POLICY
A3: NO. OF NON-SMOKER | B3: =COUNTIF(DATA!$E$4:$E$1341,"NO") -> 1064
D5: MOSTLY SMOKER'S CHARGES ARE HIGH ACCORDING TO SORTING
A6: NO. OF SMOKER WHO WAS FEMALE | B6: =COUNTIFS(DATA!$E$4:$E$1341,"YES", DATA!$B$4:$B$1341, "FEMALE") -> 115
A7: NO. OF SMOKER WHO WAS MALE | B7: =COUNTIFS(DATA!$E$4:$E$1341,"YES", DATA!$B$4:$B$1341, "MALE") -> 159
A9: NO. OF NON - SMOKER WHO WAS FEMALE | B9: =COUNTIFS(DATA!$E$4:$E$1341,"NO", DATA!$B$4:$B$1341, "FEMALE") -> 547
A10: NO. OF NON -SMOKER WHO WAS MALE | B10: =COUNTIFS(DATA!$E$4:$E$1341,"NO", DATA!$B$4:$B$1341, "MALE") -> 517

Sheet REGION
A1: REGION | B1: RESULTS | C1: HIGHLIGHT
A2: NORTH EAST | B2: =COUNTIF(DATA!$F$4:$F41341,"NORTHEAST") -> 324 | C2: RED
A3: NORTH WEST | B3: =COUNTIF(DATA!$F$4:$F41341,"NORTHWEST") -> 325 | C3: YELLOW
A4: SOUTH EAST | B4: =COUNTIF(DATA!$F$4:$F41341,"SOUTHEAST") -> 364 | C4: PINK
A5: SOUTH WEST | B5: =COUNTIF(DATA!$F$4:$F41341,"SOUTHWEST") -> 325 | C5: GREEN
A8: NORTH | B8: =SUM(B2:B3) -> 649
A9: SOUTH | B9: =SUM(B4:B5) -> 689 | C9: SOUTH PEOPLE TAKE INSURANCE POLICY MOSTLY

Sheet CHARGES
A1: CHARGES | B1: RESULT
A2: MAX | B2: =MAX(DATA!$G$4:$G$1341) -> 63770.428
A3: MIN | B3: =MIN(DATA!$G$4:$G$1341) -> 1121.8739
A4: AVERGAGE | B4: =AVERAGE(DATA!$G$4:$G$1341) -> 13270.422
A5: MODE | B5: =MODE(DATA!$G$4:$G$1341) -> 1639.5631
A12: MOSTLY SMOKER'S CHARGES ARE HIGH ACCORDING TO SORTING

Sheet PIVOT TABLE

Sheet DASHBOARD
B1: DASHBOARD
